title,relative_path,datetime,author,summary,full_text
Los detalles del cierre de la calzada de Transmilenio en la Autopista norte,/bogota/los-detalles-del-cierre-de-la-calzada-de-transmilenio-en-la-autopista-norte/,21 Oct 2021  - 6:27 p. m.,Redacción Bogotá,"Para avanzar en la construcción de la troncal de Transmilenio de la avenida 68, se cerrará la calzada de dicho sistema de transporte sobre la Autopista Norte, entre las calles 98 y 101.","La Secretaría Distrital de Movilidad autorizó que, a partir de la medianoche de este viernes, se cierre la calzada exclusiva de Transmilenio (en ambos sentidos) que va sobre la Autopista Norte entre calles 98 y 101, para permitir el avance de la  construcción de la troncal de dicho sistema de transporte sobre la avenida 68. Específicamente, dicho cierre permitirá realizar las obras de pilotaje del nuevo puente peatonal, el cual servirá para la integración virtual de las dos troncales. Según lo comunicado por la secretaría, se estima que dichas obras pueden tardar cerca de seis meses. Lea también: Para dar paso al Metro de Bogotá, avanza construcción de carril en la calle 72 “Las obras estarán a cargo del contratista CONSORCIO EUCARISTICO CARRERA 68 y la interventoría estará a cargo de MAB INGENIERIA DE VALOR”, detalló la entidad. Para mitigar eventuales afectaciones en la movilidad, el Plan de Manejo de Tránsito establece que la circulación de vehículos particulares en los sentidos norte sur y sur norte por la Autopista Norte continuarán transitando por los dos carriles que quedan habilitados en la calzada rápida Oriental y Occidental, así como por los dos carriles de la calzada lenta. Le puede interesar: Metro de Bogotá: así cambiará la movilidad por las obras en la calle 72 Para el caso de los buses articulados de Transmilenio que circulan en sentido norte - sur, pasarán a circular por el carril oriental de la calzada rápida occidental; mientras que los que vienen en el sentido contrario, lo harán por el carril occidental de la calzada rápida oriental. Con esto, la secretaría detalla que no será afectada la estación troncal de la calle 100. La secretaría también comunicó las siguientes rutas alternas: Los usuarios que circulan en sentido Sur - Norte por la av. NQS y toman la Autopista Norte al Norte, podrán continuar por la av. NQS al Norte y la av. carrera 19 al Norte. (Ver mapa 3). Los usuarios que circulan en sentido Norte – Sur por la Autopista Norte podrán tomar la av. calle 116 al Occidente y la av. Suba al Sur. Para el caso de los peatones y ciclistas estos no sufrirán afectaciones."
Banco de alimentos de Bogotá recibió el premio Gonzalo Jiménez de Quesada,/bogota/banco-de-alimentos-de-bogota-recibio-el-premio-gonzalo-jimenez-de-quesada/,21 Oct 2021  - 5:43 p. m.,Redacción Bogotá,El galardón lo entregó la Sociedad de Mejoras y Ornato de Bogotá por los 20 años de trabajo de la organización y sus esfuerzos durante a pandemia por apoyar a las personas más vulnerables.,"Por los 20 años de labor en busca de ayudar a las poblaciones más necesitadas de la capital, le fue otorgado al Banco de Alimentos de Bogotá el Premio Gonzalo Jiménez de Quesada,  que en su edición 82, entregó la Sociedad de Mejoras y Ornato.  La distinción fue recibida por el padre Daniel Saldarriaga Molina, director ejecutivo del Banco de Alimentos de Bogotá, en una ceremonia que se realizó al mediodía de este jueves 21 de octubre en el Museo El Chicó, en la que se destacó la lucha contra el hambre que dio la organización durante la pandemia.  “Exaltar los valores ciudadanos de la generosidad, responsabilidad y solidaridad es deber de todos como sociedad. En consecuencia, una labor de amor y fraternidad ante el clamor de millones de personas en condición vulnerable, es un ejemplo real hacia la construcción de la civilidad”, dijo Carlos Roberto Pombo Urdaneta, presidente de la Sociedad de Mejoras y Ornato. El Banco de Alimentos de Bogotá se fundó en el 2001 por iniciativa del cardenal Pedro Rubiano Sáenz y el apoyo de empresarios en la ciudad y voluntarios con los que han recolectado más de 230 millones de kilos de alimentos en los últimos años y que han entregado a familias vulnerables a través de organizaciones sin ánimo de lucro. Durante la pandemia atendieron a más de 1,5 millones de personas en Bogotá y los municipios aledaños.  “Este es un país de gente muy generosa y solidaria, hay muchos que quieren ayudar y tenemos que contarles cómo hacerlo. Necesitamos que nos vean como un aliado importante para seguir ayudando a los que más lo necesitan. Hoy más que nunca, la tarea del Banco de Alimentos de Bogotá es fundamental para apoyar a miles de personas que pasan hambre”, dijo el padre Saldarriaga, quien además resaltó el trabajo de quienes han apoyado el programa. Este premio se entrega desde hace 83 años a quienes han servido y aportado al mejoramiento de la ciudad. El primer galardón se otorgó en 1938, luego de que el Concejo de la ciudad encargó a la Sociedad reconocer la labor de tanto personas como instituciones destacadas en la capital.  Entre los ganadores han estado Julio Carrizosa, Virgilio Barco, Germán Arciniegas, Carlos Lleras Restrepo, Pedro Gómez Barrero, Fanny Mikey, José Salgar, Fernando Botero, Gloria Zea, y Rogelio Salmona, entre otros, así como , la Corporación Minuto de Dios, el Hotel Tequendama, el Banco de Bogotá, el Museo del Oro, la emisora HJCK, Maloka, la Universidad Jorge Tadeo Lozano, el Banco de la República y Corferias."
Más de 700 kilos de dulces han sido decomisados antes de Halloween en Bogotá,/bogota/mas-de-700-kilos-de-dulces-han-sido-decomisados-antes-de-halloween-en-bogota/,21 Oct 2021  - 5:22 p. m.,Redacción Bogotá,Las autoridades sanitarias han realizado más de 100 inspecciones antes de la festividad en donde aumenta el consumo de golosinas.,"Se acerca el final de octubre, y con él llegan los disfraces, los recorridos nocturnos, y por supuesto, los dulces. Como preparación para la temporada de Halloween, en Bogotá empezaron los operativos para asegurar que los dulces y bebidas que consuman los niños y adultos no generen contratiempos de salud el 31 de octubre. Según el subsecretario de salud, Manuel González, se han decomisado alrededor de 755 kilos de dulces y 530 litros de bebidas que no cumplen con las medidas sanitarias para ser comercializados. Han sido alrededor de 500 establecimientos comerciales los que han sido intervenidos en las 19 localidades de la ciudad. La falta de etiquetas, fechas de vencimiento y registros Invima han sido las principales causas del retiro de los productos. >LEA: Más de 41.000 animales de compañía han sido esterilizados este año en Bogotá Aunque la recomendación inicial es la prevención y moderación en el consumo de dulces, en caso de presentar problemas de salud como vómito, nauseas o mareos por consumo excesivo o de dulces en mal estado, la Secretaría de Salud recomendó que las personas se acerquen a centros de salud. 8 de cada 10 bogotanos compran dulces en octubre según estudio del 2018 de Fenalco. La Secretaría de Salud de Bogotá recomienda hacer un consumo moderado de dulces para evitar problemas de salud. “No solo hablemos de entrega de dulces, los podemos reemplazar por frutas u otros alimentos”, agregó el subsecretario de salud. >LEA: Bogotá recibe un nuevo refuerzo de 500 policías"
Más de 41.000 animales de compañía han sido esterilizados este año en Bogotá,/bogota/mas-de-41000-animales-de-compania-han-sido-esterilizados-este-ano-en-bogota/,21 Oct 2021  - 4:51 p. m.,Redacción Bogotá,"En la capital, la esterilización es gratuita para animales de compañía, así como perros y gatos cuyos cuidadores hacen parte de los estratos 1, 2 y 3. Si le interesa el procedimiento, aquí le explicamos cómo participar.","“¡Esterilizar salva!”, es uno de los mensajes con los que el Instituto Distrital de Protección y Bienestar Animal (IDPYBA) busca crear conciencia en la ciudadanía sobre la importancia de este procedimiento en perros, gatos y animales de compañía. En lo que va del año, el instituto ha logrado la esterilización de 41.773 animales de compañía, gracias a las jornadas gratuitas que se han realizado. De hecho, recientemente se anunció la puesta en funcionamiento de un punto fijo de esterilizaciones para perros y gatos dentro de una Unidad de Cuidado Animal, el cual se encuentra en la carrera 106 #67-02, en la localidad de Engativá. Lea también: Autoridades recuperan once tortugas que iban a ser comercializadas en Bogotá Dentro de los beneficios que brinda la esterilización se encuentra el embarazo no planeado en hembras, así como la prevención de infecciones uterinas, mitiga la presencia de tumores mamarios, y mejora la calidad de vida con el desaparecimiento del celo; en los machos, disminuye la posibilidad de tumores de origen hormonal, atenúa su agresividad y corrige conductas inadecuadas. Si usted desea esterilizar a su mascota o animal de compañía, estas son las indicaciones: *Las esterilizaciones son gratuitas para perros, gatos y animales de compañía que conviven en estratos 1, 2 y 3 en la ciudad de Bogotá. * Toda cita de esterilización debe asignarse con turno previo, los cuales deben ser solicitados por mayores de edad en el botón “Turnos” de la página web del IDPYBA, en un CADE o Super CADE, o mediante las siguientes líneas de atención telefónicas: 6477117; 3053985853 - 3053668424. Se recomienda que antes de la jornada el animal se encuentre en buen estado de salud, que se le practiquen exámenes prequirúrgicos como cuadros hemáticos, ALT y creatinina, además de llevar el animal en un ayuno de 8 horas, para alimento sólido, y 3 horas, para alimento líquido antes de la operación. El día de la jornada se recomienda llevar a los perros con correa y traílla, mientras que los gatos deben llegar en guacal. Llevar un collar isabelino para evitar lesiones después de la cirugía, así como una cobija."
“Tenemos que evitar hablar de una generación perdida en educación”,/educacion/tenemos-que-evitar-hablar-de-una-generacion-perdida-en-educacion/,11 Oct 2021  - 2:00 a. m.,Paula Casas Mogollón,"Fernando Reimers, profesor del programa de Política Educativa Internacional y director de la Iniciativa Global de Innovación en Educación de la U. de Harvard, advierte que si no se toman las medidas pertinentes podríamos estar a las puertas de la mayor calamidad educativa. Sugiere una serie de estrategias educativas para enseñar durante y después de la pandemia. ","Las cifras que han dejado estos 18 meses en los que las escuelas han permanecido cerradas son aterradoras. Según la Unesco, cerca de 131 millones de alumnos han perdido tres cuartas partes de su aprendizaje presencial y, a pesar de esa pérdida, alrededor del 27 % de los países siguen teniendo los colegios total o parcialmente cerrados, como es el caso de Colombia donde solo 7’070.145 estudiantes han regresado a clases, de acuerdo con el Observatorio de Gestión Educativa de la Fundación Empresarios por la Educación. Además Unicef señala que los niños y niñas han perdido 1,8 billones de horas de aprendizaje presencial. (Lea: 22.000 niños dejaron de recibir educación preescolar en pandemia) A pesar de que las cifras son alarmantes, para Fernando Reimers, profesor del programa de Política Educativa Internacional y director de la Iniciativa Global de Innovación en Educación de la Universidad de Harvard, es incorrecto hablar de que esta es una generación perdida. Pero advierte que si no se toman las medidas pertinentes podríamos estar “a las puertas de la mayor calamidad educativa en la historia de la humanidad desde que existe la escuela pública y eso significa que en muchísimos países hay un riesgo real de retroceder diez o veinte años”. Para evitar un retroceso mayor, Reimers, quien nació en Venezuela e integra la Comisión sobre el Futuro de la Educación de la Unesco, le apuesta a un renacer educativo. Recientemente publicó una investigación en la que sugiere una serie de estrategias educativas para enseñar durante y después de la pandemia. “Una de ellas es evaluar dónde están los estudiantes, entender cómo se ha modificado su contexto con las necesidades que han creado estos cambios y conocer su bienestar. Sin hacer ese diagnóstico y el suponer que están como hace 18 meses va a hacer que no les enseñemos bien, que no los apoyemos adecuadamente”, dice. Reimers destaca la labor de los maestros y directivos quienes crearon diferentes herramientas para poder enseñar de forma remota. En el caso de Colombia, resalta el plan de la Secretaría de Educación de Bogotá, en el que participaron el 100 % de los colegios públicos y que consistía en la entrega de guías para los diferentes niveles educativos, una franja televisiva con el Canal Capital y emisiones radiales. Confiesa que el país tiene “una situación enredada, porque tienen una elección presidencial y a la gente le encanta hacer política con la educación”, pero reitera que debemos hacer un enorme esfuerzo para que no terminemos siendo “un país mucho peor educado de lo que éramos antes de la pandemia”. ¿Cuál fue el impactado de la pandemia en las oportunidades educativas? Una pandemia tiene un impacto que no solo es educativo, sino social. Imagínese el descalabro sanitario, con cifras de 230 millones de infectados en el mundo; entonces se presenta una austeridad de los gobiernos, que tuvieron que pagar una cuenta de salud pública que no estaba presupuestada. También se registra una austeridad en la familia, porque la recesión económica hizo que mucha gente perdiera ingresos. Además se registra un impacto sanitario y ni hablar de los estudiantes que perdieron a un familiar y del impacto psicológico al contagiarse, porque al salir positivo se piensa que tiene una alta probabilidad de perder la vida. ¿Quién va a estar pensando en aprender química o matemática cuando tiene en mente que la mamá o el papá puede morir? En cuanto a la educación, se presentaron varios niveles de creatividad e improvisación, y aunque se hicieron los mejores esfuerzos, muchos no fueron los adecuados Se emplearon estrategias de aprendizaje en las que el internet era fundamental, pero es un servicio que es un lujo y dejó sin acceso a estudiantes. ¿Cuáles son las consecuencias de estos vacíos? Lo que sabemos en retrospectiva es que con estos canales no es que los niños hubiesen aprendido mucho, pues no estaban preparados para aprender de forma autónoma, de agarrar unos libros o unas guías y estudiar por su cuenta. La escuela tradicional estaba hecha de manera en que la gente recibía una instrucción, paso a paso, con una profesora que lo orienta, al cambiar el modelo el estudiante se siente perdido. La principal consecuencia es que en los países en los que empieza a haber evaluaciones se ven dos cosas: cuántos niños han participado de los canales que se crearon y cuáles son sus niveles de aprendizaje. En los lugares que han hecho pruebas de aprendizaje se ha visto una disminución. São Paulo, por ejemplo, hizo una medida y encontró que los niños de quinto grado, en este momento, tienen competencia de lectura y de matemáticas más bajas que la que tenían los niños de tercer grado hace dos años. No es solamente lo que no se aprendió, sino que en educación lo que usted no práctica se olvida. (Puede leer: Los niños y niñas quieren volver a clases presenciales) ¿Qué significa este panorama en términos de calidad educativa? Creo que estamos a las puertas de la mayor calamidad educativa en la historia de la humanidad desde que existe la escuela pública y eso significa que en muchísimos países hay un riesgo real de retroceder diez o veinte años. Podemos repetir la historia que pasó en América Latina en la década de los 80 como resultado de implementar los programas de ajustes económicos, esto se llamó la década pérdida y sucedió porque los gobiernos habían estado financiando mucho de su gasto público con deudas. Las entidades financieras aseguran que no se presta más dinero si no acomoda su economía y cuando un gobierno tiene que acomodar la economía tiene que cortar de donde puede. Salud y educación representan el 40 % del gasto público. En ese entonces en América Latina y África subsahariana se perdió una gran cantidad de progreso educativo que se había hecho en las últimas dos décadas. Estamos a las puertas de una situación parecida. ¿Se puede hablar de una generación perdida? Tenemos que evitar hablar de una generación perdida. Yo no podría, como profesor de esta universidad que durante dos años ha estado estudiando la pandemia, decirle a usted ni a nadie que esto es una generación perdida; al contrario, lo que me toca a mí decir es dónde están las oportunidades para construir un renacimiento educativo a partir de circunstancias tan difíciles que nos ha tocado vivir. En estos cuarenta años de trabajar en educación aprendí que uno no mueve a nadie contándole que el cielo se le está cayendo encima y que cuando usted genera una sensación de crisis lo que hace es acelerarla. He encontrado que en situaciones difíciles cuando usted busca las cosas buenas, encuentra a la gente que está haciendo las cosas diferentes y al final todo eso inspira a los demás. ¿Cuál sería la manera más adecuada de comunicar este posible retroceso en la educación? Los medios de comunicación también juegan un papel muy importante. Sí hay que comunicar a la sociedad la seriedad de esta crisis, pero yo creo que evitando decirles, sobre todo a los niños, ustedes son la generación perdida, ustedes se fregaron, ustedes van a ser más pobres que sus padres porque se perdieron dos años de educación. ¿A quién ayuda decirle eso? Al contrario, lo que hay que decirle a la sociedad es este es el riesgo, pero esto no está escrito, no es una cosa inevitable, depende de lo que hagamos y lo que hay que hacer es un gran esfuerzo. Colombia tiene una situación enredada, porque tienen una elección presidencial y eso en América Latina suele ser terrible para la educación, porque a la gente le encanta hacer política con la educación, es facilísimo decir todo lo malo que hizo el otro y no enfocarse en las nuevas propuestas. ¿Cómo evitar llegar a esa situación? Primero hay que tratar de tener una mirada y dejar de plantearse en cómo sería el mundo si no hubiese existido la pandemia. Luego sigue la gran pregunta, que es cómo podemos hacer lo mejor dadas las circunstancias en las que estamos y para ello es necesario potenciar todos los esfuerzos que se han impulsado en este tiempo. Hay que rescatar las cosas buenas que ocurrieron y pensar cómo capitalizamos en este proyecto de innovación, porque aquí hay que hacer un enorme esfuerzo de los gobiernos y la sociedad para que no terminemos siendo un país mucho peor educado de lo que éramos antes de la pandemia, con las consecuencias sociales, políticas y económicas que eso va a tener. Estamos atravesando una crisis muy seria para el mundo, la crisis educativa es una parte y creo que nos toca pensar en cómo afrontamos esta educación que nos tocó vivir para hacer lo mejor posible y tratar de producir una especie de renacimiento educativo saliendo de esta situación. Como parte de ese renacimiento usted publicó, de la mano de la Fundación Barco, una investigación en la que da una serie de estrategias. ¿En qué consiste esta guía? En esta guía se proponen qué acciones concretas se pueden tomar para promover este renacimiento al que me estoy refiriendo. Lo más importante que hay que hacer es dejar el lenguaje de recuperar los aprendizajes y regresar a lo que estábamos antes, porque entre otras cosas yo no sé si este trauma de los 18 meses ha sido tan duro que todos empezamos a hacernos una visión imaginaria de lo maravillosa que era la educación. La verdad es que antes a muchos niños no les enseñaban lo que necesitaban y la mitad no aprendía a leer cuando llegaban a cuarto grado. Por eso digo que hay que plantearse qué hacer de cara al futuro, incluso para resolver los problemas que no estaban resueltos antes de la pandemia para aprovechar este momento de crisis y ocuparnos de la deuda pendiente que teníamos con educación. Una de estas estrategias es evaluar dónde están los estudiantes y no significa hacer unas grandes evaluaciones nacionales, sino evaluar cómo ha cambiado el contexto de ellos con las necesidades que han creado estos cambios y conocer su bienestar. Sin hacer ese diagnóstico y el suponer que están como hace 18 meses va a hacer que no les enseñemos bien, que no los apoyemos adecuadamente. (Lea también: Cerebros fugados: ¿a dónde van los estudiantes universitarios de Colombia?) ¿Cuáles son esas cosas buenas que rescata de estos dos años en aprendizaje? En este punto es justo reconocer que ha habido mucho profesionalismo de gente en el sector, mucha innovación en el sistema educativo en estos 18 meses, mucho más que en los últimos diez años. Todo esto es producto de la enorme colaboración que ha habido de los profesores. Por primera vez varios maestros conocieron lo que era participar en foros virtuales con colegas de otros países y eso estimuló la creatividad. También hubo más colaboración entre organizaciones de la sociedad civil y el gobierno que en los años anteriores, lo cual es bueno. Se suspendieron un poco las reglas de operación del sistema educativo, que muchas veces son una especie de camisa de fuerza que impiden innovar y en ese contexto ocurrieron cosas buenas. Habla mucho de esas nuevas innovaciones en tecnología, ¿cuáles fueron las que más llamaron su atención? Para un estudio buscamos 31 innovaciones educativas que las reunimos en un libro que va a publicar Unesco. Fue un ejercicio muy interesante, porque uno se da cuenta de que en este momento tan terrible, tan oscuro, de tantas pérdidas, pasaron cosas buenas, cosas que si uno sabe reconocer el valor de lo que hay ahí tiene la posibilidad de construir este renacimiento en la educación. En Colombia fue brillante lo que hizo la Secretaría de Educación de Bogotá, Enseña por Colombia y la Alianza Educativa. Esta última, en tres semanas, reunió a 500 maestros y armaron un currículum que iban a entregar por radio. El Ministerio de Educación de São Paulo, por ejemplo, llamó a los diez principales empresarios de la ciudad, les pidió la ayuda y en dos semanas armaron una plataforma multimedia que tenía WhatsApp, paquetes didácticos y les daban a los niños unas tarjetas para que compraran comida. En Enseña por Nigeria empezaron a grabar sus clases de matemáticas e inglés en pódcast y las compartieron por WhatsApp. Un método que fue replicado en Chile, donde los alcaldes hicieron una alianza con las emisoras locales para transmitir las lecciones. Y en Vietnam el gobierno decidió crear un canal de educativo, a pesar de que no tenían recursos. Por eso, le pidieron a cada escuela que armara una lección y, en un mes y medio, armaron toda una programación. ¿Funciona igual que una escuela tradicional? Claro que no. ¿Les llega a todos los niños? Claro que no, pero ha sido una buena alternativa. ¿Cómo podemos prevenir que una nueva emergencia afecte a la educación mundial? Tenemos que volver al sistema educativo más resiliente. Esta no es la última pandemia ni la última calamidad que vamos a tener y lo que esto nos enseñó es que nuestros sistemas educativos eran muy frágiles, no estaban preparados para una crisis así. Tenemos que asegurarnos de armar un sistema educativo que nos permita seguir enseñando durante la crisis y mucho mejor de lo que estábamos haciendo. Para mí, lo ideal es un sistema híbrido; por supuesto que hay que regresar a las escuelas en la medida de lo posible, pero no solo hay que hacer educación en la escuela, hay que complementar con diversas modalidades de enseñanza remota, hay que desarrollar las capacidades de los alumnos de aprender de formas más autónomas de las que estaban aprendiendo y hay que aumentar el tiempo de aprender, que va más allá de la jornada escolar. Esto toca ponerlo en marcha para recuperar lo que se perdió y hay que hacer eso, porque es lo que nos hace falta de cara al futuro. (Puede leer: Casi 4 millones de niñas y niños no han podido volver al colegio)"
Comenzaron las citaciones para la última prueba Saber Pro del año ,/educacion/comenzaron-las-citaciones-para-la-ultima-prueba-saber-pro-del-ano/,10 Oct 2021  - 5:03 p. m.,Redacción Educación,El ICFES empezó a citar a cerca de 260.000 estudiantes de carreras profesionales. El examen se podrá presentar en la casa o desde los sitios acondicionados.,"El Instituto Colombiano para la Evaluación de la Educación (Icfes) comenzó las citaciones para la última prueba Saber Pro del año. Para esta evaluación citará a cerca de 260.000 estudiantes de carreras profesionales y se podrá presentar o desde la casa o en los sitios acondicionados. (Lea: 22.000 niños dejaron de recibir educación preescolar en pandemia) Las pruebas se realizarán el sábado 23 de octubre y el domingo 31 de octubre. Según Mónica Ospina, directora general del Icfes, “del total de inscritos en esta ocasión, más de 218.000 están citados para presentar la prueba en sus casas y más de 40.000 la harán en un sitio de aplicación con todas las condiciones establecidas en los protocolos de bioseguridad indicados por el Ministerio de Salud”. Según Ospina se sumarán cerca de 1.700 personas que presentarán la prueba Saber Pro Exterior. Cabe recordar que estos exámenes evalúan competencias genéricas, tales como comunicación escrita, razonamiento cuantitativo, lectura crítica, competencias ciudadanas e inglés.  Ospina explicó que los estudiantes que decidan presentar el examen en la casa “serán citados aleatoriamente a una única sesión, con distintos horarios de ingreso, y la prueba genérica tendrá una duración máxima de cuatro horas y cuarenta minutos”. Y para aquellos que asistan a uno de los lugares acondicionados, se desarrollará en varias jornadas y estarán habilitados más de 200 puntos de aplicación.  Para tomar la prueba en la casa, el instituto dice que cuenta con un sistema de inteligencia artificial que efectúa el monitoreo y vigilancia y, de comprobarse fraude al momento de presentar la prueba, el estudiante quedará inhabilitado para presentar el examen por un tiempo de 1 a 5 años. Los alumnos se podrán comunicar con las líneas de atención del ICFES en caso de presentar problemas técnicos durante la presentación de la prueba. (Puede leer: Los niños y niñas quieren volver a clases presenciales) Y, en caso de presentar el examen en el sitio, es necesario llevar el documento de identidad, además está prohibido el uso de teléfonos celulares o cualquier otro dispositivo electrónico durante las pruebas. También es importante descargar y confirmar horas antes la citación y ubicar el sitio del examen, para evitar contratiempos y llevar lápiz para los ejercicios de razonamiento cuantitativo y un bolígrafo para firmas.  Para los estudiantes que están citados para presentar esta prueba desde su casa pueden retomar el proceso de autenticación y registro de identidad a partir del lunes 11 de octubre. Quienes hacen el proceso de autenticación y registro, el ICFES tiene dispuesta la siguiente mesa de ayuda: línea telefónica 018000113424 o en el chat habilitado dentro del aplicativo Sumadi.  El ICFES recomienda que la persona inscrita verifique que sus nombres y apellidos estén correctamente escritos, y si evidencia algún error contactar a soporte adjuntando imagen del documento en el que se visualicen sus nombres y apellidos. Y para consultar el lugar y hora de la citación a las pruebas, se debe ingresar al portal institucional icfes.gov.co, donde encontrarán un banner y un botón que los llevará a las citaciones. (Lea también: Cerebros fugados: ¿a dónde van los estudiantes universitarios de Colombia?)"
22.000 niños dejaron de recibir educación preescolar en pandemia,/educacion/22000-ninos-dejaron-de-recibir-educacion-preescolar-en-pandemia/,8 Oct 2021  - 2:53 p. m.,Redacción Educación,"En 2020, 22.000 niños y niñas colombianos dejaron de recibir educación preescolar y 74 mil menos recibieron atención integral del programa “De cero a siempre”, comparado a 2019, según un estudio del Laboratorio de Economía de Educación de la Javeriana.","El Laboratorio de Economía de la Educación (LEE) de la Universidad Javeriana analizó los datos del DANE, del Sistema Integrado de Matrícula SIMAT del Ministerio de Educación Nacional y el informe de la OCDE 2019, para indagar sobre la situación de la cobertura a la primera infancia en Colombia, sobre cómo fue su comportamiento con la pandemia y, también, para reflexionar sobre cómo el acceso a educación inicial afecta el desarrollo integral y desempeño académico futuro de los estudiantes, según investigaciones internacionales. El documento destaca los datos del SIMAT en 2020 que indican una caída de 2,3% de la matrícula en educación preescolar, que cubre a menores de 3 a 5 años, con respecto al 2019. Es decir que 22.160 niños y niñas colombianos dejaron de recibir educación preescolar en 2020. En adición, se observa una disminución del 5% del número de niños de 0 a 5 años atendidos por el programa de atención integral a la primera infancia del ICBF “De cero a siempre”, lo que representan alrededor de 74.833 menores menos atendidos en el 2020, comparado con el año anterior. El informe enfatiza que el cierre de jardines infantiles y Centros de Desarrollo Integral para la Primera Infancia durante el año 2020 a causa de la pandemia, tuvo efectos negativos en esta población pues su proceso de formación se vio interrumpido. El acceso y desarrollo de habilidades de niños y niñas de primera infancia no puede llevarse a acabo de manera remota o virtual como se hacía con otros niveles educativos y es más difícil mantener la atención prolongada de niños tan pequeños a través de una pantalla. En edades tempranas el aprendizaje experiencial, el juego, la socialización son claves para el desarrollo de los menores. “Otro de los posibles efectos negativos, fue el incremento en las situaciones de maltrato y violencia por parte de los padres, familiares o cuidadores, dada su mayor presencia en los hogares (CEPAL-UNICEF, 2020). Además, de afectaciones en su salud física y psicológica”, menciona el informe. Además, realizando un análisis de las pruebas PISA 2018 (que presentan los jóvenes de países miembro de la OCDE) se resalta que los estudiantes con acceso a una educación inicial logran obtener, en promedio, mayores puntajes en pruebas estandarizadas futuras que aquellos que no acceden a educación inicial. En el caso de Colombia, los puntajes promedio en matemáticas de aquellos estudiantes con educación inicial tienen 26 puntos por encima de los resultados de los estudiantes sin dicha educación. En las áreas de Ciencias y Lenguaje también se presenta una diferencia a favor de aquellos que sí contaron con educación inicial. Según estudios internacionales, con el acceso a la educación, en cualquiera de sus niveles, e incluso independientemente de su calidad, suelen reducirse las acciones criminales, el consumo de drogas, embarazo adolescente, entre otros riesgos. Matricularse tarde en el sistema educativo afecta el aprendizaje e incrementa los costos sociales que implican los riesgos mencionados. Y según la evidencia de las pruebas PISA, realizar al menos un año de preescolar puede contribuir a un mayor desempeño académico futuro. Por ello, están tan importante que los niños, niñas y adolescentes logren retornar a la educación presencial lo más rápido posible. Al respecto, los investigadores mencionan que “hay más probabilidad de que los estudiantes de bajos ingresos reciban educación inicial de baja calidad o no reciban, por lo tanto, las bajas tasas de atención integral en la educación inicial sugieren la necesidad de impulsar estrategias como “De Cero a Siempre”, aumentar la cobertura, y articular diferentes actores y entidades.” El informe finaliza reflexionando sobre como la educación y la capacitación constituyen una piedra angular en el desarrollo humano, por lo que el tema de cobertura y calidad (y sus determinantes) hacen parte permanentemente de la agenda y debate político, no solo en el país sino también en el mundo. “La ciencia económica lo considera como tema de estudio por su importancia en la productividad y competitividad de las naciones y como eje transversal de progreso social y económico”, concluye."
Los niños y niñas quieren volver a clases presenciales,/educacion/los-ninos-y-ninas-quieren-volver-a-clases-presenciales-segun-sondeo/,7 Oct 2021  - 4:22 p. m.,Redacción Educación,Un sondeo a 920 niños y niñas de distintas instituciones educativas del país trata de acercarse a los deseos de los estudiantes en la pandemia. ,"Sentimientos de cansancio y aburrimiento; no tener las herramientas suficientes para estudiar desde casa, escaso acceso a internet y a redes sociales como WhatsApp, así como tener que dividir el tiempo entre hacer tareas y ayudar con las labores domésticas. Estas son algunas de las conclusiones que destaca el sondeo de opinión realizado por la Fundación Barco a 920 niños, niñas y adolescentes de instituciones educativas en diferentes lugares del país; el cual  sirvió como base para analizar los retos de la educación en el gran Foro de Educación “Sentir, vivir y aprender en pandemia: la experiencia de los niños, niñas y adolescentes” realizado por la Fundación Barco, en alianza con la Escuela de Gobierno de la Universidad de los Andes. En el evento participaron Stephanie Jones y Fernando Reimers, docentes de la Universidad de Harvard, quienes destacaron la importancia de los aprendizajes socioemocionales durante la pandemia y presentaron algunas claves para la recuperación y reconstrucción de las oportunidades educativas y el desarrollo de la resiliencia del sistema. Durante su intervención, Fernando Reimers invitó a pensar en cómo hacer para seguir adelante y propender por el mejoramiento de la educación. Dentro de las ideas que destacó está la educación integral; la educación basada en problemas y proyectos; el rediseño del rol del profesor y de los currículos académicos; así como pensar en las escuelas como organizaciones de aprendizaje y generar más conexiones y colaboraciones entre escuelas y otras instituciones.  Resaltó además la importancia de currículos y pedagogía de alta calidad, así como una mayor preparación para lo desconocido (ambigüedad, adaptabilidad, superación supervivencia y capacidad para un aprendizaje más profundo y continuo), entre otras propuestas. (Error 404: en el corazón de los Centros Digitales del Mintic) “Los cierres de escuelas fueron más prolongados en países donde los estudiantes tenían niveles más bajos de rendimiento educativo, medidos a través de evaluaciones comparadas como PISA (OCDE 2021). En ese contexto, profesores y administradores de la educación se vieron obligados a innovar para dar continuidad a la educación durante las interrupciones causadas por la pandemia y recuperar las pérdidas de aprendizaje resultantes de las deficiencias en las modalidades alternativas de educación, que fueron configuradas rápidamente para enseñar de forma remota.  Aunque el efecto neto de la pandemia en la educación fue negativo, también hubo algunos impactos positivos. Es importante destacar que los educadores desarrollaron una variedad de innovaciones para mantener las oportunidades educativas durante el período de suspensión de la educación presencial.”, resaltó Fernando Reimers, profesor de la universidad de Harvard, durante su intervención en el Foro. Por su parte, Stephanie Jones, profesora también de Harvard, destacó en su intervención que los soportes emocionales y sociales son fundamentales en los procesos educativos. “Debemos establecer lugares de cuidado seguros, enseñar de manera directa y segura las habilidades sociales y emocionales para tener una educación creativa. Debemos pensar en los niños, pero también en los adultos para que puedan dar soporte. Hay mucha tensión en los desafíos que se enfrentaron en la pandemia. Muchos niños no volvieron a la escuela y lucharon contra el proceso académico, no tenían acceso a internet lo que dificultó sus procesos de aprendizaje”. En el marco del foro, la Fundación Barco y La Universidad de los Andes presentaron los resultados de un estudio sobre la magnitud de las brechas educativas en el país a raíz de la pandemia y cómo esto se reflejó en los resultados de las pruebas SABER 11 de 2020. Dicho estudio destacó que, en 2020, el cambio en la desigualdad promedio en las pruebas Saber 11 frente al periodo 2016-2019 aumentó para la mayoría de las características (género, tenencia de libros, educación de los padres, etnia, computadores en casa, conectividad, entre otras)  en contra de los más vulnerables. La magnitud de estos cambios generados en 2020 es, en su mayoría, mayores al 100%. Estos cambios en la desigualdad, de acuerdo con el estudio, corresponden a estudiantes que enfrentaron la pandemia únicamente durante el último año de bachillerato. Es decir que sus trayectorias educativas fueron truncadas únicamente en el último año. Por lo tanto, las consecuencias para estudiantes menores pueden ser aún mayores."
La pena que pidió la fiscalía francesa contra Karim Benzema,/deportes/futbol-mundial/la-pena-que-pidio-la-fiscalia-francesa-contra-karim-benzema/,21 Oct 2021  - 4:17 p. m.,Agencia AFP,El delantero de Real Madrid se encuentra involucrado en un caso de intento de chantaje al exinternacional Mathieu Valbuena.,"La fiscalía francesa pidió este jueves diez meses de prisión con suspensión de pena y 75.000 euros de multa (87.000 dólares) contra la estrella del Real Madrid Karim Benzema, por complicidad en un intento de chantaje al exinternacional Mathieu Valbuena. Le puede interesar: más del fútbol internacional y toda la información deportiva Contra los otros cuatros acusados, procesados en su caso por intento de chantaje con un vídeo de carácter sexual, el ministerio público pidió desde 18 meses de prisión con suspensión de pena hasta cuatro años de cárcel. “Benzema no es un buen samaritano que busca socorrer. Actuó para permitir a los negociadores conseguir su objetivo y a los chantajistas lograr el dinero”, defendió la fiscal Ségolène Marés, que subrayó su “autoridad y notoriedad”. Durante sus alegatos, el abogado de Valbuena, Paul-Albert Iweins, denunció por su parte el “discurso mafioso” del delantero madridista durante su intervención en este caso, comparándolo incluso a un “padrino”. Su cliente, en su opinión, fue “excluido” de la selección francesa pese a ser la víctima. “Le privaron de este trofeo por maniobras sórdidas y la traición de un compañero de equipo”, agregó Iweins en referencia a Benzema. (¿Mundial de fútbol cada dos años? La propuesta de la FIFA que Alemania rechaza) El jugador del Real Madrid, candidato al Balón de Oro por su desempeño en los ‘Bleus’, no asistió al juicio por motivos “profesionales”, según sus abogados, que deben ahora presentar sus alegatos. Ante los periodistas, su letrado Sylvain Cormier evocó el miércoles por la noche el “rencor” y los “celos” de Valbuena hacia Benzema, que por su parte pudo regresar a la selección francesa en víspera de la Eurocopa disputada en 2021."
¿Mundial de fútbol cada dos años? La propuesta de la FIFA que Alemania rechaza,/deportes/futbol-mundial/mundial-de-futbol-cada-dos-anos-la-propuesta-de-la-fifa-que-alemania-rechaza/,21 Oct 2021  - 2:56 p. m.,Agencia AFP,El presidente del Bayern de Múnich también mostró su oposición a la organización de un Mundial de fútbol cada dos años.,"Herbert Hainer, presidente del Bayern de Múnich, mostró este jueves su oposición a la organización de un Mundial de fútbol cada dos años, como propone la FIFA. Le puede interesar: más del fútbol internacional y toda la información deportiva “Los jugadores, los entrenadores, todos los que ejercen responsabilidades en los clubes se quejan de los demasiados partidos... ¿y ahora el ritmo de los Mundiales debería aumentar? No tiene ningún sentido”, afirmó el dirigente del gigante bávaro a la revista alemana Kicker. “Tenemos que pensar en la salud del jugador”, añadió. El presidente de la FIFA, Gianni Infantino, hizo un llamamiento el miércoles a encontrar un consenso sobre la cuestión de la organización de un Mundial bienal, y anunció la convocatoria de una cumbre en diciembre al respecto. La Federación Alemana de Fútbol (DFB), por su parte, se opone también a esa posibilidad, y según Hainer, la FIFA no debería modificar el calendario actual con un Mundial cada cuatro años. (Juan Carlos Osorio se juega su futuro en América ante un club en el que es leyenda) “El Mundial es uno de los eventos más importantes del mundo y no sin razón”, afirmó el presidente del Bayern, quien teme que la propuesta de la FIFA conduzca a la “sobresaturación”. “Por supuesto que esta idea está dirigida también a generar ingresos suplementarios y el dinero juego un papel importante en el deporte profesional”, recordó. “Pero no hay que sacrificar nunca el fútbol en aras de intereses económicos”."
Juan Carlos Osorio se juega su futuro en América ante un club en el que es leyenda,/deportes/futbol-colombiano/juan-carlos-osorio-se-juega-su-futuro-en-america-ante-un-club-en-el-que-es-leyenda/,21 Oct 2021  - 2:47 p. m.,Redacción Deportes,El entrenador risaraldense perdió la final de la Superliga contra Santa Fe y ahora deberá enfrentar en la Liga a Atlético Nacional.,"América recibirá el domingo en el estadio Pascual Guerrero de Cali al líder Atlético Nacional por la jornada 15 de la liga colombiana, un duelo en el que el técnico Juan Carlos Osorio se juega su futuro con los ‘Diablos Rojos’ tras haber perdido el miércoles la Superliga con Independiente Santa Fe. Le puede interesar: más del fútbol colombiano y toda la información deportiva El elenco escarlata llega a este encuentro en el noveno puesto con 19 puntos y necesita de una victoria ante el líder para meterse entre los ocho que clasifican a los cuadrangulares semifinales del Torneo Clausura. Para enfrentar a los ‘Verdolagas’, Osorio, exseleccionador de México y Paraguay y uno de los entrenadores más ganadores en la historia del cuadro paisa, contará con el experimentado Adrián Ramos como punta de lanza y con el central Marlon Torres como bastión en la defensa para tratar de neutralizar el ataque de sus rivales. (Juan Carlos Osorio: la rotación y los otros principios que ahora aplica en América) Entre tanto, Atlético Nacional viene de igualar 1-1 con Independiente Medellín el fin de semana anterior y sigue como líder solitario del torneo con 33 puntos, cuatro más que Millonarios que es segundo. Antes del encuentro del domingo, los ‘Verdolagas’ jugarán este jueves con el Deportivo Cali el partido de vuelta de las semifinales de la Copa Colombia. El DIM busca abatir al campeón Deportivo Independiente Medellín buscará el sábado vencer al campeón Deportes Tolima para tratar de meterse entre los ocho mejores del torneo, pues pese a los buenos resultados conseguidos desde que llegó al banquillo el técnico Julio Comesaña, el ‘Poderoso’ aún es décimo con 19 unidades, a dos del octavo que es Jaguares. (La retrospectiva de Julio Comesaña) Para el lateral Germán Gutiérrez, su equipo debe plantear un partido “muy inteligente” para poder llevarse los puntos en el estadio Atanasio Girardot. Comesaña tendrá como base a la columna vertebral con la que ha enfrentado el torneo: el portero Andrés Mosquera, el central Andrés Cadavid y el mediocampista argentino Adrián Arregui. Tolima, por su parte, llega golpeado tras haber sido eliminado por penaltis en las semifinales de la Copa Colombia por el Deportivo Pereira, que espera rival para la final. A consolidar su clasificación Millonarios y Júnior se enfrentarán el sábado en el estadio El Campin de Bogotá con la mirada puesta en conseguir un triunfo que les permita consolidar su clasificación a los cuadrangulares. Los albiazules, que derrotaron el fin de semana anterior por 0 a 2 Independiente Santa Fe, viven uno de sus mejores momentos de la temporada y cuentan con varios jugadores de rendimiento destacado, como es el caso del lateral Andrés Román, el centrocampista Daniel Giraldo y el volante David Macalister Silva. El Júnior, entre tanto, viene impulsado por el gran momento del venezolano Luis ‘Cariaco’ González y acumula ya cinco partidos sin perder, de los cuales ganó cuatro y solo empató uno. Partidos de la jornada 15 de la liga colombiana: 21/10: Once Caldas-La Equidad. 22/10: Jaguares-Envigado y Deportes Quindío-Alianza Petrolera. 23/10: Patriotas-Deportivo Pereira, Atlético Bucaramanga-Deportivo Pasto, Independiente Medellin-Deportes Tolima y Millonarios-Junior. 24/10: Águilas Doradas-Deportivo Cali, América de Cali-Atlético Nacional y Atlético Huila-Independiente Santa Fe."
Selección de Colombia se mantiene en el puesto 16 del ranking FIFA,/deportes/futbol-mundial/seleccion-de-colombia-se-mantiene-en-el-puesto-16-del-ranking-fifa/,21 Oct 2021  - 1:50 p. m.,Redacción Deportes,El combinado que dirige Reinaldo Rueda viene de empatar tres partidos sin goles en la eliminatoria.,"Francia, campeona de la Liga de las Naciones a comienzos de octubre, subió al podio de la clasificación FIFA de selecciones mundiales, por detrás de Bélgica, que sigue primera, y de Brasil. España, subcampeona de la Liga de las Naciones, pasó del octavo al séptimo puesto. Por delante de España sigue en sexto puesto Argentina. Los campeones del mundo galos (1.779,24 puntos) sacaron del podio a Inglaterra (1.750,16 puntos), que cayó al quinto puesto detrás de la campeona de Europa Italia, tercera en la Liga de las Naciones. Bélgica (1.832,33 puntos), que perdió sus dos partidos de Liga de las Naciones en octubre, se halla bajo la amenaza de Brasil (1.820,36 pts). Los ‘Diablos Rojos’ ocupan el primer puesto desde octubre de 2018, fecha en la que destronaron a la Francia campeona del mundo. Y la selección de Colombia, que viene de empatar tres partidos en las pasadas jornadas de la eliminatoria a Catar 2022, se mantiene en le puesto 16."
Corte Constitucional tumba tutela de hombre señalado públicamente por abuso sexual,/judicial/corte-constitucional-tumba-tutela-de-hombre-senalado-publicamente-por-abuso-sexual/,21 Oct 2021  - 6:49 p. m.,Redacción Judicial,"En la decisión, la Corte Constitucional argumentó que las presuntas víctimas de delitos sexuales tienen el derecho de denunciar libre y públicamente los hechos que afirman haber sufrido.","El 1 de junio de 2020, el Juzgado 9° Civil de Manizales concedió la protección solicitada por un hombre, quien invocando su derecho a la honra y buen nombre, interpuso una acción de tutela contra una mujer que lo señaló públicamente por Facebook de haber abusado de ella. El expediente llegó a la Corte Constitucional, la cual acaba de tumbar las peticiones de un presunto agresor, quien logró bajar la publicación de la mujer que lo denunció. Lea también: Paro Nacional: menor de edad se habría quitado la vida tras denunciar violencia sexual por parte de policías Con ponencia del magistrado Alberto Rojas Ríos, la Corte Constitucional resolvió un problema jurídico: ¿pesa más la protección al derecho al buen nombre del supuesto agresor o la libertad de expresión de una potencial víctima de violencia sexual? La respuesta del máximo organismo de la justicia colombiana fue clara: la accionada vía tutela, denunciante pública de abuso, es sujeto de especial protección constitucional. “Las víctimas de un delito tienen el derecho a denunciar libre y públicamente los hechos que padecieron, pues los principios de veracidad e imparcialidad que deben permear toda publicación de información se entienden flexibilizados en razón a que la víctima, al expresarse, lo hace desde su experiencia personal y el pleno convencimiento de que los hechos denunciados le significaron un daño concreto y, por tanto, debe presumirse que actúa de buena fe”, agregó la Corte. Lea: A juicio policías que retuvieron a menor que se quitó la vida en el paro nacional Además, la alta corte explicó que, cuando una potencial víctima de abuso sexual utiliza las redes, se trata de un discurso protegido dada su importancia para la sociedad. En especial, por la lucha a favor de las reivindicaciones sociales, los derechos de las mujeres y el freno a la violencia de género. La balanza se inclinó a favor de una mujer, cuyo nombre fue protegido por los magistrados. De acuerdo con el expediente, el hombre -su nombre también fue omitido- afirmó haber tenido relaciones sexuales consentidas con la denunciante pública, no obstante, dejó claro que las mismas fueron producto del estado de alteración psíquica producto del alcohol y otras sustancias psicoactivas. Mediante la acción de tutela, el hombre logró que la publicación en Facebook fuese borrada y que su presunta víctima le pidiera excusas públicas. Lea también: “¡Hágale lo que quiera!”: las denuncias por violencia sexual en Paro Nacional En contraste, la mujer manifestó que las relaciones entre ambos no tenían ningún acuerdo. “En su defensa, sostuvo que específicamente le manifestó al actor que no deseaba tener relaciones con él ese día y que este abusó del estado de debilidad en el que se encontraba”, explicó. Así las cosas, la Corte entregó jurisprudencia que podrá ser tenida en cuenta por juzgados, tribunales y otras altas cortes, en materia de conflicto de derechos. El fallo de la Corte Constitucional en este caso se dio, hoy 21 de octubre, el mismo día que la Procuraduría llamó a juicio disciplinario a cinco uniformados, quienes habrían retenido ilegalmente y usado con exceso su fuerza contra una joven de 17 años, quien en mayo pasado se suicidó tras estar bajo custodia de la Policía. Todo en el marco del paro nacional en Popayán. La niña, por medio de Facebook, denunció tocamientos y abuso por parte de uniformados de la ciudad caucana. Lea: Estos son los más buscados por presunta violencia sexual contra niñas y jóvenes Los miembros de la institución que tendrán que comparecer ante la Procuraduría son el intendente Víctor Hugo Martínez y los patrulleros Jhon Jader Montenegro y Julián Andrés Martínez, integrantes ESMAD. Asimismo, fueron llamados los patrulleros Edwin Orlando Cortés y Ricardo Andrés Salazar, adscritos al GOES, de la Policía Metropolitana de Popayán. La joven, quien renunció a la vida horas después de haber sido retenida por la Policía, se dirigía hacia la casa de un amigo y estaba grabando con su celular la manifestación, cuando cuatro policías la detuvieron y la tiraron al piso. “En medio de eso, me bajaron el pantalón y me manosearon hasta el alma, en el video queda claro que yo les digo que me suelten porque me estaban ‘desnudando’ quitando el pantalón”, afirmó la denunciante en Facebook. Para conocer más sobre justicia, seguridad y derechos humanos, visite la sección Judicial de El Espectador."
"¿Por qué capturaron a Facundo Castillo, gobernador de Arauca?",/judicial/por-que-capturaron-a-facundo-castillo-gobernador-de-arauca/,21 Oct 2021  - 6:40 p. m.,Unidad de Video,"José Facundo Castillo es investigado por presuntos vínculos con personas que serían integrantes de la guerrilla del Eln. La Fiscalía lo imputara por los delitos de concierto para delinquir, peculado, contrato sin cumplimiento de los requisitos legales y presunta financiación de terrorismo.",
Capturan en San Andrés a presunto narcotraficante francés escondido en Colombia,/judicial/capturan-en-san-andres-a-presunto-narcotraficante-frances-escondido-en-colombia/,21 Oct 2021  - 6:11 p. m.,Redacción Judicial,Las autoridades aseguran que el extranjero se refugió en Colombia y estaba siendo buscado por narcotráfico y varios homicidios en Marsella (Francia).,"Fue capturado en San Andrés el ciudadano francés Ahcène Mabrouk, quien era buscado por la Interpol por presuntamente ser narcotraficante. Su captura, con fines de extradición, se dio en un trabajo articulado entre la Dijín, Fiscalía y la Embajada de Francia. Según las autoridades, sería un reconocido capo de un clan narcotraficante que delinque en Marsella, Francia. Lea también: Notifican extradición a señalados por narcoavioneta incautada en San Andrés Ahcène Mabrouk, conocido como DSK, es, según las autoridades, un reconocido narcotraficante del país europeo y era solicitado mediante dos notificaciones rojas de Interpol emitidas por las Autoridades Judiciales de Marsella. El francés contaría con más de 15 años de trayectoria delictiva y era una de las personas más buscadas en Europa. En Francia, llegó a ser catalogado como un objetivo de alto valor por, incluso, ser el líder de una red criminal en Marsella. Su organización contaría con aproximadamente 50 hombres bajo su mando, entre los que habrían distribuidores de estupefacientes y sicarios, los cuales al parecer son los encargados de asesinar a líderes de otras organizaciones narcotraficantes. Podría interesarle: EE.UU procesará a vinculados con narcoavioneta decomisada en San Andrés De la misma manera, en marzo de 2019, alias DSK habría coordinado y participado en el homicidio de Kamel Rahra conocido con el alias de Komo, de 42 años, y su hermano de 44 años, Fateh, quien fue gravemente herido, por disparos de fusil de asalto en Marsella. Estos hechos se habrían presentado por un ajuste de cuentas entre dos clanes de narcos. Luego de estos hechos, Ahcène llegó a Colombia donde, de manera fraudulenta, se identificó como El Lyese Frakafi. Su estadía en Colombia también habría sido en la búsqueda de alianzas con carteles colombianos. Lea aquí: Prisión preventiva a tripulación del avión cuyo dueño sería la pareja de Alejandra Azcárate Asimismo, se conoció que el francés es coleccionista de fusiles de asalto, los cuales usaría para los asesinatos y ajustes de cuentas con otras organizaciones dedicadas al narcotráfico. La captura se dio porque se supo que Mabrouk tendría una reunión con otro ciudadano francés en la isla, al parecer con el fin de tratar de abrir nuevas rutas del narcotráfico. La presunta alianza aprovecharía que San Andrés comparte frontera marítima con Costa Rica, Honduras, Jamaica, Nicaragua, Panamá y República Dominicana. La captura del francés se dio en vía pública de San Andrés por un grupo de agentes de la Dijín. Sobre Mabrouk pesan dos notificaciones rojas de Interpol, por los delitos de tráfico de estupefacientes, homicidio agravado, tráfico y tenencia de armas y concierto para delinquir. Para conocer más sobre justicia, seguridad y derechos humanos, visite la sección Judicial de El Espectador."
Abren investigación por contratación pública contra el congresista Wilmer Carrillo,/judicial/abren-investigacion-por-contratacion-publica-contra-el-congresista-wilmer-carillo/,21 Oct 2021  - 5:37 p. m.,Redacción Judicial,"El representante a la Cámara por el Partido de la U, Wilmer Carrillo, fue vinculado a una investigación por los delitos de peculado por apropiación y contrato sin cumplimiento de requisitos legales.","Según la Sala de Instrucción de la Corte Suprema de Justicia, el paso del congresista Wilmer Ramiro Carrillo por la secretaría de infraestructura de la Gobernación de Norte de Santander, en 2010, tiene un episodio al parecer irregular. La Sala acaba de abrir investigación formal contra el representante a la Cámara por el Partido de la U. Le puede interesar: Caso Mintic: Corte Suprema abrió indagación preliminar contra cuatro senadores Contrato sin cumplimiento de requisitos legales y peculado por apropiación (cuando un servidor público se apropia en provecho suyo o de un tercero los bienes del Estado). Esos son los delitos por los cuales fue vinculado a una investigación Carrillo, por un contrato de obra pública del cual participó para el mejoramiento y mantenimiento de una vía en Arboledas, Norte de Santander. La Sala no entregó mayores detalles sobre la investigación, sin embargo, explicó que el representante a la Cámara por Norte de Santander será vinculado mediante indagatoria, la cual se realizará el 23 de noviembre a las 9:00 a.m. Carrillo ya tiene magistrado instructor -quien llevará la investigación y presentará la ponencia del caso-: Francisco Javier Farfán. Lea también: Congresista Miguel Ángel Barreto será investigado por orden de la Corte Suprema Sobre Wilmer Ramiro Carrillo se sabe que es oriundo de Arboledas, Norte de Santander, municipio en el cual habría sido protagonista de irregularidades contractuales. Es arquitecto de la Universidad Santo Tomás de Bucaramanga y en diversas ocasiones fungió como gobernador encargado del departamento. Se estrenó en el Congreso en 2014, cuando logró un escañó como representante a la Cámara por el Partido de la U, puesto que mantiene a la fecha. Además, fue uno de los congresistas que le dijo “No” a la moción de censura contra el ministro de Defensa Diego Molano, quien en junio pasado enfrentó un par de votaciones que pedían sacarlo del cargo, por la respuesta de la Fuerza Pública en el Paro Nacional. Carrillo fue uno de los 18 representantes de la U que ayudaron a Molano quedarse en su puesto. Para conocer más sobre justicia, seguridad y derechos humanos, visite la sección Judicial de El Espectador."
"Los últimos glaciares africanos desaparecerán hacia 2040, alerta la ONU",/ambiente/los-ultimos-glaciares-africanos-desapareceran-hacia-2040-alerta-la-onu/,21 Oct 2021  - 1:24 p. m.,Agencia EFE,"Pese a que África solo aporta un 4 % de las emisiones de gases de efecto invernadero del mundo, la región sufre ya el impacto del cambio climático por encima de la media global en muchas áreas.","El cambio climático pone a África en una situación de “vulnerabilidad desproporcionada” debido a los desastres que dejará el alza de las temperaturas (por encima de la media global), además de derretir los últimos glaciares africanos para 2040, alerta la agencia de meteorología de la ONU. (Le sugerimos: Producción de energía fósil ‘excede ampliamente’ los límites climáticos) “Durante 2020, los indicadores climáticos en África se caracterizaron por un calentamiento continuado de las temperaturas, la aceleración de la subida del nivel del mar y por eventos climáticos y meteorológicos extremos”, señaló hoy el secretario general de la Organización Meteorológica Mundial (OMM), Petteri Taalas, en la presentación del informe “Estado del clima en África 2020″. Aunque África solo aporta un 4 % de las emisiones de gases de efecto invernadero del mundo, las conclusiones del estudio apuntan que la región sufre ya el impacto del cambio climático por encima de la media global en muchas áreas, como en el alza de las temperaturas y la subida del nivel del mar. (Le sugerimos: Los compromisos climáticos de Colombia nos llevarían a un mundo 4° C más caliente) Según el informe, presentado en un Congreso Meteorológico Mundial Extraordinario de cara a la próxima Conferencia de Naciones Unidas sobre Cambio Climático (COP26), el impacto de los desastres derivados del clima también crece, en consecuencia, en forma de inundaciones, corrimientos de tierra y sequías. La OMM alertó también de que las últimas montañas aún cubiertas por glaciares en el continente -el macizo del Monte Kenia (Kenia), las Montañas Rwenzori (Uganda) y el Monte Kilimanjaro (Tanzania)- verán desaparecer sus hielos para 2040. “El rápido achicamiento de los últimos glaciares que quedan en África oriental, que se espera que se derritan completamente en un futuro cercano, señala la amenaza de un inminente e irreversible cambio en el sistema de la Tierra”, detalló Taalas, según un comunicado de la organización. Las temperaturas, en general, están subiendo en África más rápido que la media mundial y el 2020 se colocó entre el tercer y el octavo año (dependiendo de las bases de datos usadas, indica el informe) más cálido del que se tiene registro histórico para el continente. (Lea también: Osos polares desaparecerían a finales de siglo por disminución de hielo marino) Los efectos del cambio climático en la región podrían suponer una contracción del producto interior bruto del 3 % para 2050, según la OMM, si no se toman las medidas adecuadas.  Además, los desastres climáticos afectan cada vez a un mayor número de personas, lo que provoca más pobreza, mayor inseguridad alimentaria y más desplazamientos forzosos. “Para 2030, se estima que hasta 118 millones de personas en extrema pobreza (es decir, que viven con menos de 1,9 dólares al día) se verán expuestas a sequías, inundaciones y calor extremo en África”, advirtió, por su parte, Josefa Leonel Correia Sacko, comisaria en Economía Rural y Agricultura de la Comisión de la Unión Africana, organismo que también colaboró en el estudio. La adaptación de África subsahariana al cambio climático costará entre 30.000 y 50.000 millones de dólares al año durante la próxima década, pero los efectos de no poner medidas, según la OMM, serán aún mayores en materia de alivio de desastres. "
Animales son reconocidos como personas jurídicas en un tribunal de EE. UU,/ambiente/hipopotamos-de-escobar-animales-son-reconocidos-como-personas-juridicas-en-un-tribunal-de-ee-uu/,21 Oct 2021  - 12:01 p. m.,Redacción Ambiente,"El caso llegó a esta instancia en relación con los hipopótamos que trajo Pablo Escobar a Colombia, los cuales fueron señalados como “personas interesadas” en Ohio.","El Tribunal de Distrito de Estados Unidos para el Sur de Ohio reconoció a los animales como personas jurídicas por primera vez en los Estados Unidos. Una decisión que se dio en el contexto de qué se debe hacer con la descendencia de los hipopótamos que trajo Pablo Escobar a Colombia y que se han convertido en una amenaza ambiental para el valle del Magdalena Medio. (Le sugerimos: Ecólogos vs animalistas: el dilema ético que despiertan los hipopótamos de Escobar) Según explica la organización Animal Legal Defense Fund, ellos pusieron una demanda en nombre de “la comunidad de hipopótamos que viven en el río Magdalena”, con el fin de evitar un supuesto plan que tendría el Gobierno de sacrificar a los casi 100 hipopótamos que habría en el país. La demanda llegó a este tribunal de Estados Unidos, ya que allá existe un estatuto de que cualquier “persona interesada” en un litigio extranjero puede solicitar permiso a un tribunal federal para tomar puntos de vista para apoyar el caso que se está realizando en otro país. En esta ocasión, específicamente, se trataría de la demanda que puso el abogado Luis Domingo Gómez Maldonado en Colombia, en julio 31 de 2020, en nombre de los hipopótamos y que aún no ha sido resuelta. Esta demanda busca que a los hipopótamos se les esterilicen con un anticonceptivo conocido como PZP que, según dice la organización, ha sido probado efectivamente en zoológicos y está aprobado por el “Comité Internacional Consultivo de Animal Balance, una organización internacional que se enfoca en la esterilización animal”. Vale recordar, sin embargo, que hasta el momento el Gobierno no ha anunciado oficialmente ningún plan para sacrificar a los hipopótamos de Escobar. Lo único que se está adelantando es un piloto de inmunocastración, liderado por la  Corporación Autónoma de las cuencas de los ríos Negro y Nare, Cornare, con el medicamento GonaCon, que es producido por la agencia norteamericana USDA APHIS (Animal and Plant Health Inspection Service). El medicamento, que nunca había sido probado en hipopótamos, inicialmente, se aplicó en 24 individuos en una semana. (Le puede interesar: Castrar a los hipopótamos con GonaCon. ¿Qué se sabe de este producto?) Esto pese a las recomendaciones que han dado varios científicos de que la única forma de controlar el daño ambiental que están produciendo los hipopótamos es con un enfoque mixto, que incluye el control por medio de la caza.  Sin sacrificar algunos individuos, señaló un estudio publicado en Conservation Biology, los hipopótamos seguirán aumentando a un promedio de 69 por año cuando llegue el año 2039, y expandiéndose a las ciénagas del norte del país. Los hipopótamos de Escobar son quizá la especie invasora más grande del mundo. Al no tener depredadores naturales en Colombia y haberse adaptado a un ecosistema que les da más beneficios incluso que en África, andan a sus anchas por el río Magdalena. Pero sus pasos dejan detrás toneladas de consecuencias: ponen en vilo la seguridad alimentaria de las poblaciones cercanas y compiten directamente por recursos con chigüiros y manatíes, donde estos últimos llevan las de perder (el manatí antillano, por ejemplo, está peligro de extinción). (Lea también: Hipopótamos en la sala: ¿qué más se necesita para actuar?)"
345 mil muertes y otras 43 razones de salud para frenar el cambio climático,/ambiente/las-345-mil-muertes-y-otros-43-problemas-de-salud-que-trae-el-cambio-climatico-the-lancet-countdown/,21 Oct 2021  - 2:00 a. m.,María Mónica Monsalve,"Más de 90 investigadores señalan que, solo el año pasado, 3,1 mil millones de adultos mayores se expusieron a olas de calor y que los meses aptos para la transmisión de malaria aumentó en un 36 %. Esto dice el más reciente informe de The Lancet Countdown. ","“Estamos en código rojo para un futuro sano”. Estas fueron las palabras con las que el profesor Anthony Costello, copresidente de The Lancet Countdown, presentó el último informe que realizaron 93 autores de 43 instituciones, sobre la estrecha y preocupante relación que existe entre el cambio climático y la salud humana. Aunque lo lógico -y quizá fácil- es pensar que el único impacto que tendrá este fenómeno es que nuestros cuerpos no podrán soportar altas temperaturas, la relación va más allá: se trata de una cadena de factores que ya está impactando el incremento de enfermedades infecciosas, las horas de trabajo, las condiciones para hacer deporte, el aire que respiramos, cómo comemos e incluso nuestra salud mental. El cambio climático empieza a definirlo todo. (Le puede interesar: Los nuevos líderes contra el cambio climático están dentro de los hospitales) El informe, que se viene publicando anualmente desde 2015, es cada vez más concluyente. Pasó de advertir, hace seis años, que “hacer frente al cambio climático podría ser la mayor oportunidad de salud mundial del siglo XXI”, a construir 44 indicadores que demuestran no solo cómo el cambio climático ya está afectando la salud humana, sino cómo los sistemas de salud de los países están poco preparados para asumir este reto. Uno de los indicadores más sólidos es el siguiente: si comparamos el año 2020 con lo que sucedió en promedio entre 1986 y 2005, las personas mayores de 65 años que se expusieron a olas de calor aumentaron en 3,1 mil millones y los niños menores de un año que vivieron un calor muy intenso se incrementó en 626 millones.  Pero esto no se traduce solo en dolores de cabeza o en deshidratación, sino en que, por ejemplo, durante las últimas cuatro décadas, sobre todo en los países con un Índice de Desarrollo Humano (IDH) bajo, las personas perdieron 3,7 horas, en las que podían salir a hacer ejercicio debido al exceso de calor. Otra forma de verlo es que durante 2020 se perdieron 295 mil millones de horas potenciales para hacer trabajo por el mismo motivo, con un 79 % afectando a la agricultura.  La consecuencia más letal, claro está, es la muerte. “Los fallecimientos relacionados con el calor en personas mayores de 65 años alcanzaron un récord de aproximadamente 345.000 muertes en 2019. Entre 2018 y 2019, además, en todas las regiones, excepto Europa, experimentaron un aumento de las muertes relacionadas con el calor en este grupo de edad”. Pero las olas extremas de calor no son las únicas que tienen un impacto negativo en la salud. El incremento de temperatura también está haciendo que las enfermedades infecciosas se intensifiquen y extiendan a zonas donde antes no estaban. “Entre 2011 y 2021, el área de costa que se volvió más apta para la transmisión de la bacteria Vibrio (que puede causar cólera, diarreas o infecciones a través de heridas, dependiendo de su tipo) aumentó en un 35 % en el Báltico, 25 % en el Atlántico nororiental y 4 % en el Pacífico nororiental”, es uno de los indicadores que arroja el informe.  Según explicó a El Espectador Luis Escobar, de la Universidad Virginia Tech, de Estados Unidos, y uno de los autores de este segmento del documento, la razón detrás de estos es sencilla: la Vibrio prefiere el agua caliente y con mucho fitoplancton, al que se pega para poder sobrevivir. Con el cambio climático, los mares se hacen más cálidos y con más plancton, incrementando su viabilidad para sobrevivir. “Como las condiciones del agua están cambiando, la presencia de la Vibrio está llegando a los países más desarrollados, generalmente en el hemisferio norte, que se habían mantenido bajos en riesgo de cólera”, explica.  La situación es bastante similar para las enfermedades infecciosas que usan a los mosquitos como vector, como la malaria y el dengue. De hecho, el segundo indicador que da el informe dice que “el número de meses aptos para la transmisión de malaria aumentó en un 39 % entre los períodos de 1950-1959 y el de 2010-2019, en áreas altas de los países con un IDH bajo”. “El área apta para los mosquitos se está empezando a extender hacia los polos, sobre todo hacia el norte, donde están los mayores impactos del cambio climático”, también dijo a El Espectador el español Jaime Martínez Urtanza, coautor del informe y profesor de la Universidad Autónoma de Barcelona. “Es decir, no solo se está ampliando el período de presencia del vector, sino también su presencia a nivel geográfico”.  Otro indicador clave del informe de The Lancet Countdown es cómo el cambio climático altera nuestras dietas. El potencial de rendimiento de los cultivos ha disminuido debido a los nuevos cambios abruptos del clima, en comparación al promedio entre 1981 y 2010, así: 60 % en el maíz, 3 % para el trigo de invierno, 5,4 % para la soja y 1,8 % para el arroz.  Y, como si no fuera suficiente, el cambio climático también está relacionado con la mala calidad del aire, ya que implica que estamos rodeados de más material particulado. Según el informe, solo en 2019 las muertes atribuibles a la polución por actividades humanas alcanzaron a ser de 3,3 mil millones, de las cuales un tercio estuvo directamente relacionado con la quema de combustibles fósiles. En este caso, sin embargo, los más afectados fueron los países con IDH medio y alto, con mayores tasas de mortalidad. Pero la alerta roja que hace el informe no es solo por los impactos del cambio climático a la salud, sino por la debilidad de los sistemas de salud para reconocer esta relación y enfrentarla. Para 2021, solo 47 (52 %) de los 91 países analizados reportaron tener estrategias o planes para enfrentar estos problemas de salud y solo 45 (49 %) han hecho una evaluación de la vulnerabilidad y adaptación al cambio climático y la salud. La financiación al cambio climático que recibe el sector salud solo alcanza a ser el 0,3 % del total mundial. (Le sugerimos: Colombia, segundo país que mejor unió la salud a compromisos climáticos) El llamado, aunque ya suene repetitivo, es lograr una acción urgente. Y esta vez no porque el cambio climático afectará a nuestros hijos, a nuestros nietos o nuestros bisnietos, sino porque la gente ya está muriendo frente a olas de calor, las enfermedades infecciosas se están expandiendo y estamos viviendo lo que la ciencia modeló hace unos años. El cambio climático ya lo determina todo."
Producción de energía fósil ‘excede ampliamente’ los límites climáticos,/ambiente/produccion-de-energia-fosil-excede-ampliamente-los-limites-climaticos/,20 Oct 2021  - 5:44 p. m.,Agencia AFP,"El informe elaborado por el Programa de las Naciones Unidas para el Medio Ambiente (Unep) resalta que a pesar de las promesas de acción de muchas naciones, casi ninguna tiene políticas para reducir la producción.","La producción de combustibles fósiles duplicará ampliamente en 2030 la cantidad que la comunidad internacional se había fijado para mantener el calentamiento del planeta en un máximo de +1,5º Celsius, según el informe elaborado por el Programa de las Naciones Unidas para el Medio Ambiente. Los principales productores de petróleo, gas y carbón sostienen un doble discurso en cuanto al cumplimiento de sus objetivos medioambientales afirma el estudio copatrocinado por el Programa de Naciones Unidas para el Medioambiente (PNUMA) y el Instituto de Medio Ambiente de Estocolmo, difundido a menos de dos semanas de la Conferencia sobre Cambio Climático (COP26) de Glasgow. (Lea: Subsidios a combustibles fósiles ascienden $11 millones USD por minuto) “Algunos países están acelerando” incluso su ritmo de producción, con la idea de “ser el último que abandona” el gigantesco negocio de los combustibles fósiles, explicó en videoconferencia de prensa Michael Lazarus, uno de los coautores del estudio. “Los gobiernos planean producir un 110% más de combustibles fósiles en 2030 de lo que sería coherente con el límite del calentamiento global de 1,5º Celsius, y un 45% más de lo que sería coherente con el límite a 2º Celsius”, explica el texto. Y esa diferencia entre lo que debería producirse y lo que se producirá en realidad aumentará de aquí a 2040, advierten los autores del informe, cuya primera edición salió en 2019. La peor situación es la del carbón: los planes y proyecciones de los 15 países analizados prevén que la producción de ese combustible aumentará un 240% de aquí a 2030. La producción petrolífera aumentará un 57% y la de gas un 71%. “Llegó el momento de que los países alineen sus planes del sector energético con sus ambiciones climáticas”, advirtió Niklas Hagelberg, coordinador del subprograma de cambio climático del PNUMA. (Puede leer: Los jóvenes piden cierre de industrias de combustibles fósiles antes de 2030) Entre los quince países examinados se hallan Brasil y México, dos naciones que no se han comprometido a reducir drásticamente sus emisiones de gases de efecto invernadero de aquí a 2030, uno de los compromisos claves de la COP26 de Glasgow. El plan energético brasileño de aquí a 2050, aprobado el año pasado, demuestra que el gobierno “prevé atraer inversiones y aumentar la producción de petróleo y gas” para convertir al gigante sudamericano en uno de los cinco principales productores mundiales, recuerda el informe. En cuanto a México, el gobierno izquierdista de Andrés Manuel López Obrador quiere desarrollar la “soberanía energética”, añade el informe, y eso pasa por recuperar la producción petrolífera, que ha decaído notablemente en los últimos quince años. Tampoco otros países considerados ejemplares en la lucha contra el cambio climático salen muy bien librados. Noruega, que cuenta con un fondo de inversión de más de un billón de dólares gracias a la explotación ininterrumpida de sus yacimientos de petróleo y gas, se ha limitado a indicar que dejará de invertir en la extracción de carbón y de algunas actividades petroleras. Pero mantiene sus objetivos nacionales en materia de combustibles fósiles, al mismo tiempo que se erige en campeón ecologista. Noruega planea aumentar sus recortes de emisiones de gases de efecto invernadero hasta el 50-55% en 2030, según anunció este año antes de la COP26. Desde el inicio de la pandemia de Covid-19, los países de G20 se han gastado más de 300.000 millones de dólares en el sector de los combustibles fósiles, revela el informe. (Le puede interesar: “La quema de combustibles fósiles nos está matando”: OMS) La propia Agencia Internacional de la Energía reconocía en su último informe que la presión para consumir fuentes de energía baratas y abundantes no decrecerá en las próximas décadas, a pesar de los escenarios catastrofistas que alertan los expertos del clima, de cara a 2050. “La energía moderna es inseparable del modo de vida y las aspiraciones de una población mundial que crecerá en unos 2.000 millones de personas de aquí a 2050″, advertía la AIE."
